session_id;session;candidatures_officiel;candidatures_corrigees_pdf;ecart_candidatures;labels_officiel;labels_corriges;preLabels_officiel;preLabels_corriges;lignes_pdf;reportes_pdf;retraits_pdf;decisions_non_precisees;statut
S0;03/2019;16;14;-2;12;12;0;0;14;0;0;0;Conforme
S1;04/2019;51;52;1;33;33;0;0;52;0;0;0;Conforme
S2;05/2019;30;30;0;15;15;8;8;30;0;0;0;Conforme
S3;06/2019;33;32;-1;15;14;8;8;32;0;0;0;Conforme
S4;07/2019;28;29;1;15;14;8;8;29;0;0;0;Conforme
S5;08/2019;28;28;0;24;20;7;5;28;0;0;0;Conforme
S6;09/2019;24;27;3;15;15;6;6;27;0;0;0;Conforme
S7;10/2019;34;39;5;23;23;4;5;39;0;0;0;Conforme
S8;11/2019;35;41;6;17;17;10;10;41;0;0;0;Conforme
S9;12/2019;32;42;10;23;23;8;8;42;0;0;0;Réextrait PDF — section conversion séparée
S10;01/2020;38;42;4;18;18;11;11;42;0;0;0;Conforme
S11;02/2020;32;41;9;22;22;11;11;41;1;0;0;Réextrait PDF — section conversion séparée
S12;03/2020;35;40;5;16;16;10;10;40;1;0;0;Reporté détecté dans les lignes détaillées
S13;04/2020;40;45;5;20;20;7;7;45;0;1;0;Conforme
S14;05/2020;26;32;6;12;12;10;10;32;0;1;0;Conforme
S15;06/2020;26;30;4;12;12;5;5;30;0;0;0;Conforme
S16;07/2020;40;51;11;18;18;7;7;51;0;2;0;Réextrait PDF — OCR visuelle vérifiée
S17;08/2020;28;34;6;17;17;6;6;34;0;0;0;Conforme
S18;09/2020;24;23;-1;11;11;9;9;23;0;0;0;Conforme
S19;10/2020;41;49;8;16;16;10;10;49;0;1;0;Réextrait PDF — cohérent
S20;11/2020;41;40;-1;26;26;14;14;40;0;0;0;Conforme
S21;12/2020;36;36;0;21;21;8;8;36;0;0;0;Conforme
S22;01/2021;36;36;0;24;24;7;7;36;0;0;0;Conforme
S23;02/2021;41;48;7;25;25;7;10;48;0;0;0;Conforme
S24;03/2021;41;56;15;25;25;8;8;56;0;2;0;Conforme
S25;04/2021;80;81;1;22;22;24;24;81;0;1;0;Conforme
S26;05/2021;40;47;7;19;19;8;8;47;0;1;0;Conforme
S27;06/2021;41;47;6;18;18;6;6;47;0;0;0;Conforme
S28;07/2021;40;50;10;22;22;5;5;50;1;0;0;Reporté détecté dans les lignes détaillées
S29;08/2021;25;33;8;13;13;4;4;33;0;1;0;Conforme
S30;09/2021;15;38;23;13;15;6;6;38;1;0;0;Reporté documenté par PDF
S31;10/2021;41;49;8;23;23;7;7;49;0;0;0;Conforme
S32;11/2021;40;47;7;19;19;10;10;47;0;0;0;Conforme
S33;12/2021;38;51;13;20;20;11;11;51;0;7;0;Conforme
S34;01/2022;38;46;8;15;15;9;9;46;0;4;0;Conforme
S35;02/2022;18;22;4;12;12;3;3;22;0;0;0;Conforme
S36;03/2022;21;30;9;14;14;5;5;30;0;0;0;Conforme
S37;04/2022;22;27;5;9;9;6;6;27;0;1;0;Conforme
S38;05/2022;41;49;8;14;14;9;9;49;0;2;0;Conforme
S39;06/2022;40;46;6;14;14;10;10;46;0;2;0;Conforme
S40;07/2022;40;45;5;18;18;9;9;45;0;1;0;Conforme
S41;08/2022;36;44;8;12;12;12;12;44;0;2;0;Conforme
S42;09/2022;40;49;9;19;19;5;5;49;0;0;0;Conforme
S43;10/2022;38;45;7;14;14;7;7;45;0;1;0;Conforme
S44;11/2022;34;42;8;17;17;10;10;42;0;0;0;Conforme
S45;12/2022;30;39;9;17;16;5;5;39;0;0;0;Conforme
S46;01/2023;26;38;12;16;16;6;6;38;0;2;0;Conforme
S47;02/2023;33;42;9;18;18;11;11;42;0;1;0;Conforme
S48;03/2023;37;42;5;13;14;6;6;42;0;0;0;Conforme
S49;04/2023;40;40;0;14;13;5;5;40;0;0;0;Conforme
S50;05/2023;39;45;6;19;19;9;9;45;0;0;0;Conforme
S51;06/2023;28;34;6;10;10;8;8;34;0;0;0;Conforme
S52;07/2023;33;42;9;15;15;8;8;42;0;0;0;Conforme
S53;08/2023;26;33;7;11;11;6;5;33;0;0;0;Conforme
S54;09/2023;33;41;8;15;15;6;6;41;0;0;0;Conforme
S55;10/2023;31;31;0;6;6;5;4;31;0;0;0;Conforme
S56;11/2023;30;38;8;14;12;4;7;38;0;0;0;Conforme
S57;12/2023;39;43;4;14;12;5;5;43;0;0;0;Conforme
S58;01/2024;33;36;3;14;14;6;6;36;0;0;0;Conforme
S59;02/2024;33;33;0;9;9;6;6;33;0;0;0;Conforme
S60;03/2024;31;34;3;7;6;7;7;34;0;0;0;Conforme
S61;04/2024;39;42;3;14;14;5;5;42;0;0;0;Conforme
S62;05/2024;39;46;7;14;14;5;5;46;0;2;4;PDF vérifié — 4 motifs administratifs sans décision publiée
S63;06/2024;37;40;3;14;14;5;5;40;0;0;0;Conforme
S64;07/2024;33;34;1;5;6;7;7;34;0;0;0;Conforme
S65;08/2024;37;39;2;11;11;6;6;39;0;0;0;Conforme
S66;09/2024;34;39;5;11;11;9;9;39;0;0;0;Conforme
S67;10/2024;43;49;6;15;15;7;7;49;1;0;0;Reporté détecté dans les lignes détaillées
S68;11/2024;41;43;2;14;14;7;7;43;0;0;0;Conforme
S69;12/2024;40;39;-1;16;16;4;4;39;0;0;0;Conforme
S70;01/2025;39;44;5;18;13;2;2;44;0;0;0;Conforme
S71;02/2025;41;45;4;13;13;9;9;45;0;0;0;Conforme
S72;03/2025;21;21;0;6;6;5;5;21;0;0;0;Conforme
S73;04/2025;21;29;8;13;13;5;5;29;0;0;0;Réextrait PDF — deux lignes ajoutées
S74;05/2025;47;50;3;13;13;10;13;50;0;0;0;Conforme
S75;06/2025;36;41;5;12;12;8;8;41;0;0;0;Conforme
S76;07/2025;29;34;5;9;9;8;8;34;0;0;0;Conforme
S77;08/2025;41;50;9;15;15;9;9;50;0;0;0;Conforme
S78;09/2025;25;31;6;7;7;10;10;31;0;0;0;Conforme
S79;10/2025;41;51;10;17;17;12;12;51;0;0;0;Conforme
S80;11/2025;39;47;8;15;15;3;3;47;0;0;0;Conforme
S81;12/2025;41;51;10;15;16;6;6;51;0;0;0;Conforme
S82;01/2026;31;37;6;9;10;7;7;37;0;0;0;Conforme
S83;02/2026;36;39;3;21;20;3;3;39;0;0;0;Conforme
S84;03/2026;41;44;3;13;13;7;7;44;0;0;0;Conforme
S85;04/2026;41;47;6;12;12;5;5;47;0;5;0;Conforme
S86;05/2026;40;42;2;13;13;10;10;42;0;3;0;Conforme
S87;06/2026;40;45;5;7;7;9;9;45;0;3;0;Conforme
