session,candidatures,labels,preLabels,taux,tauxExact,echec,echecExact,commentaires,month_num,year,taux_num,positive,label_rate_recomputed,positive_share_descriptive,rate_gap,retraits
03/2019,14,12,0,85.7,85.71428571428571,14.3,14.3,,3,2019,85.7,12,85.71428571428571,85.71428571428571,0,0
04/2019,52,33,0,63.5,63.46153846153846,36.5,36.5,,4,2019,63.5,33,63.46153846153846,63.46153846153846,0,0
05/2019,30,15,8,50.0,50.0,50.0,50.0,,5,2019,50.0,23,50.0,76.66666666666667,0,0
06/2019,32,14,8,43.8,43.75,56.2,56.2,,6,2019,43.8,22,43.75,68.75,0,0
07/2019,29,14,8,48.3,48.275862068965516,51.7,51.7,,7,2019,48.3,22,48.275862068965516,75.86206896551724,0,0
08/2019,28,20,5,71.4,71.42857142857143,28.6,28.59999999999999,,8,2019,71.4,25,71.42857142857143,89.28571428571429,0,0
09/2019,27,15,6,55.6,55.55555555555556,44.4,44.39999999999999,,9,2019,55.6,21,55.55555555555556,77.77777777777779,0,0
10/2019,39,23,5,59.0,58.97435897435898,41.0,41.0,,10,2019,59.0,28,58.97435897435898,71.7948717948718,0,0
11/2019,41,17,10,41.5,41.46341463414634,58.5,58.5,,11,2019,41.5,27,41.46341463414634,65.85365853658537,0,0
12/2019,42,23,8,54.8,54.761904761904766,45.2,45.20000000000001,,12,2019,54.8,31,54.761904761904766,73.80952380952381,0,0
01/2020,42,18,11,42.9,42.857142857142854,57.1,57.099999999999994,,1,2020,42.9,29,42.857142857142854,69.04761904761905,0,0
02/2020,41,22,11,53.7,53.65853658536586,46.3,46.3,,2,2020,53.7,33,53.65853658536586,80.48780487804879,0,0
03/2020,40,16,10,40.0,40.0,60.0,60.0,,3,2020,40.0,26,40.0,65.0,0,0
04/2020,45,20,7,44.4,44.44444444444444,55.6,55.60000000000001,,4,2020,44.4,27,44.44444444444444,60.0,0,1
05/2020,32,12,10,37.5,37.5,62.5,62.5,,5,2020,37.5,22,37.5,68.75,0,1
06/2020,30,12,5,40.0,40.0,60.0,60.0,,6,2020,40.0,17,40.0,56.666666666666664,0,0
07/2020,51,18,7,35.3,35.294117647058826,64.7,64.7,,7,2020,35.3,25,35.294117647058826,49.01960784313725,0,2
08/2020,34,17,6,50.0,50.0,50.0,50.0,,8,2020,50.0,23,50.0,67.64705882352942,0,0
09/2020,23,11,9,47.8,47.82608695652174,52.2,52.2,,9,2020,47.8,20,47.82608695652174,86.95652173913044,0,5
10/2020,24,16,10,66.7,66.66666666666666,33.3,33.3,,10,2020,66.7,26,66.66666666666666,108.33333333333333,0,1
11/2020,40,26,14,65.0,65.0,35.0,35.0,,11,2020,65.0,40,65.0,100.0,0,1
12/2020,36,21,8,58.3,58.333333333333336,41.7,41.7,,12,2020,58.3,29,58.333333333333336,80.55555555555556,0,0
01/2021,36,24,7,66.7,66.66666666666666,33.3,33.3,,1,2021,66.7,31,66.66666666666666,86.11111111111111,0,0
02/2021,48,25,10,52.1,52.083333333333336,47.9,47.9,,2,2021,52.1,35,52.083333333333336,72.91666666666666,0,0
03/2021,56,25,8,44.6,44.642857142857146,55.4,55.400000000000006,,3,2021,44.6,33,44.642857142857146,58.92857142857143,0,2
04/2021,81,22,24,27.2,27.160493827160494,72.8,72.8,,4,2021,27.2,46,27.160493827160494,56.79012345679012,0,1
05/2021,47,19,8,40.4,40.42553191489361,59.6,59.60000000000001,,5,2021,40.4,27,40.42553191489361,57.446808510638306,0,1
06/2021,47,18,6,38.3,38.297872340425535,61.7,61.7,,6,2021,38.3,24,38.297872340425535,51.06382978723404,0,0
07/2021,50,22,5,44.0,44.0,56.0,56.00000000000001,,7,2021,44.0,27,44.0,54.0,0,0
08/2021,33,13,4,39.4,39.39393939393939,60.6,60.60000000000001,,8,2021,39.4,17,39.39393939393939,51.515151515151516,0,1
09/2021,38,15,6,39.5,39.473684210526315,60.5,60.5,,9,2021,39.5,21,39.473684210526315,55.26315789473685,0,0
10/2021,49,23,7,46.9,46.93877551020408,53.1,53.1,,10,2021,46.9,30,46.93877551020408,61.224489795918366,0,0
11/2021,47,19,10,40.4,40.42553191489361,59.6,59.60000000000001,,11,2021,40.4,29,40.42553191489361,61.702127659574465,0,0
12/2021,51,20,11,39.2,39.21568627450981,60.8,60.8,,12,2021,39.2,31,39.21568627450981,60.78431372549019,0,19
01/2022,46,15,9,32.6,32.608695652173914,67.4,67.39999999999999,,1,2022,32.6,24,32.608695652173914,52.17391304347826,0,4
02/2022,22,12,3,54.5,54.54545454545454,45.5,45.49999999999999,,2,2022,54.5,15,54.54545454545454,68.18181818181817,0,0
03/2022,30,14,5,46.7,46.666666666666664,53.3,53.29999999999999,,3,2022,46.7,19,46.666666666666664,63.33333333333333,0,0
04/2022,27,9,6,33.3,33.33333333333333,66.7,66.7,,4,2022,33.3,15,33.33333333333333,55.55555555555556,0,1
05/2022,49,14,9,28.6,28.57142857142857,71.4,71.39999999999999,,5,2022,28.6,23,28.57142857142857,46.93877551020408,0,2
06/2022,46,14,10,30.4,30.434782608695656,69.6,69.6,,6,2022,30.4,24,30.434782608695656,52.17391304347826,0,2
07/2022,45,18,9,40.0,40.0,60.0,60.0,,7,2022,40.0,27,40.0,60.0,0,1
08/2022,44,12,12,27.3,27.27272727272727,72.7,72.7,,8,2022,27.3,24,27.27272727272727,54.54545454545454,0,2
09/2022,49,19,5,38.8,38.775510204081634,61.2,61.20000000000001,,9,2022,38.8,24,38.775510204081634,48.97959183673469,0,0
10/2022,45,14,7,31.1,31.11111111111111,68.9,68.9,,10,2022,31.1,21,31.11111111111111,46.666666666666664,0,1
11/2022,42,17,10,40.5,40.476190476190474,59.5,59.5,,11,2022,40.5,27,40.476190476190474,64.28571428571429,0,0
12/2022,39,16,5,41.0,41.02564102564102,59.0,59.00000000000001,,12,2022,41.0,21,41.02564102564102,53.84615384615385,0,0
01/2023,38,16,6,42.1,42.10526315789473,57.9,57.9,,1,2023,42.1,22,42.10526315789473,57.89473684210527,0,2
02/2023,42,18,11,42.9,42.857142857142854,57.1,57.099999999999994,,2,2023,42.9,29,42.857142857142854,69.04761904761905,0,1
03/2023,42,14,6,33.3,33.33333333333333,66.7,66.7,,3,2023,33.3,20,33.33333333333333,47.61904761904761,0,0
04/2023,40,13,5,32.5,32.5,67.5,67.5,,4,2023,32.5,18,32.5,45.0,0,0
05/2023,45,19,9,42.2,42.22222222222222,57.8,57.8,,5,2023,42.2,28,42.22222222222222,62.22222222222222,0,0
06/2023,34,10,8,29.4,29.411764705882355,70.6,70.6,,6,2023,29.4,18,29.411764705882355,52.94117647058824,0,0
07/2023,42,15,8,35.7,35.714285714285715,64.3,64.3,,7,2023,35.7,23,35.714285714285715,54.761904761904766,0,2
08/2023,33,11,5,33.3,33.33333333333333,66.7,66.7,,8,2023,33.3,16,33.33333333333333,48.484848484848484,0,0
09/2023,41,15,6,36.6,36.58536585365854,63.4,63.4,,9,2023,36.6,21,36.58536585365854,51.21951219512195,0,1
10/2023,31,6,4,19.4,19.35483870967742,80.6,80.60000000000001,,10,2023,19.4,10,19.35483870967742,32.25806451612903,0,3
11/2023,38,12,7,31.6,31.57894736842105,68.4,68.39999999999999,,11,2023,31.6,19,31.57894736842105,50.0,0,6
12/2023,43,12,5,27.9,27.906976744186046,72.1,72.10000000000001,,12,2023,27.9,17,27.906976744186046,39.53488372093023,0,0
01/2024,36,14,6,38.9,38.88888888888889,61.1,61.1,,1,2024,38.9,20,38.88888888888889,55.55555555555556,0,3
02/2024,33,9,6,27.3,27.27272727272727,72.7,72.7,,2,2024,27.3,15,27.27272727272727,45.45454545454545,0,3
03/2024,34,6,7,17.6,17.647058823529413,82.4,82.39999999999999,,3,2024,17.6,13,17.647058823529413,38.23529411764706,0,3
04/2024,42,14,5,33.3,33.33333333333333,66.7,66.7,,4,2024,33.3,19,33.33333333333333,45.23809523809524,0,2
05/2024,0,14,5,0,0,100,0,,5,2024,0,19,0,0,0,2
06/2024,40,14,5,35.0,35.0,65.0,65.0,,6,2024,35.0,19,35.0,47.5,0,2
07/2024,34,6,7,17.6,17.647058823529413,82.4,82.39999999999999,,7,2024,17.6,13,17.647058823529413,38.23529411764706,0,3
08/2024,39,11,6,28.2,28.205128205128204,71.8,71.8,,8,2024,28.2,17,28.205128205128204,43.58974358974359,0,1
09/2024,39,11,9,28.2,28.205128205128204,71.8,71.8,,9,2024,28.2,20,28.205128205128204,51.28205128205128,0,1
10/2024,49,15,7,30.6,30.612244897959183,69.4,69.39999999999999,,10,2024,30.6,22,30.612244897959183,44.89795918367347,0,3
11/2024,43,14,7,32.6,32.55813953488372,67.4,67.39999999999999,,11,2024,32.6,21,32.55813953488372,48.837209302325576,0,2
12/2024,39,16,4,41.0,41.02564102564102,59.0,59.00000000000001,,12,2024,41.0,20,41.02564102564102,51.28205128205128,0,1
01/2025,44,13,2,29.5,29.545454545454547,70.5,70.5,,1,2025,29.5,15,29.545454545454547,34.090909090909086,0,2
02/2025,45,13,9,28.9,28.888888888888886,71.1,71.10000000000001,,2,2025,28.9,22,28.888888888888886,48.888888888888886,0,4
03/2025,21,6,5,28.6,28.57142857142857,71.4,71.39999999999999,,3,2025,28.6,11,28.57142857142857,52.38095238095239,0,1
04/2025,27,13,5,48.1,48.148148148148145,51.9,51.89999999999999,,4,2025,48.1,18,48.148148148148145,66.66666666666666,0,7
05/2025,50,13,13,26.0,26.0,74.0,74.0,,5,2025,26.0,26,26.0,52.0,0,1
06/2025,41,12,8,29.3,29.268292682926827,70.7,70.7,,6,2025,29.3,20,29.268292682926827,48.78048780487805,0,1
07/2025,34,9,8,26.5,26.47058823529412,73.5,73.5,,7,2025,26.5,17,26.47058823529412,50.0,0,6
08/2025,50,15,9,30.0,30.0,70.0,70.0,,8,2025,30.0,24,30.0,48.0,0,4
09/2025,31,7,10,22.6,22.58064516129032,77.4,77.4,,9,2025,22.6,17,22.58064516129032,54.83870967741935,0,4
10/2025,51,17,12,33.3,33.33333333333333,66.7,66.7,,10,2025,33.3,29,33.33333333333333,56.86274509803921,0,3
11/2025,47,15,3,31.9,31.914893617021278,68.1,68.10000000000001,,11,2025,31.9,18,31.914893617021278,38.297872340425535,0,2
12/2025,51,16,6,31.4,31.372549019607842,68.6,68.6,,12,2025,31.4,22,31.372549019607842,43.13725490196079,0,5
01/2026,37,10,7,27.0,27.027027027027028,73.0,73.0,,1,2026,27.0,17,27.027027027027028,45.94594594594595,0,5
02/2026,39,20,3,51.3,51.28205128205128,48.7,48.699999999999996,,2,2026,51.3,23,51.28205128205128,58.97435897435898,0,2
03/2026,44,13,7,29.5,29.545454545454547,70.5,70.5,,3,2026,29.5,20,29.545454545454547,45.45454545454545,0,6
