session,candidatures,labels,preLabels,taux,tauxExact,echec,echecExact,commentaires,month_num,year,taux_num,positive,label_rate_recomputed,positive_share_descriptive,rate_gap
01/2020,38,18,11,47.4,47.368421052631575,52.6,52.631579,14 Labels et 4 Prelabels à Labels,1,2020,47.4,29,47.368421052631575,76.31578947368422,0.03157894736842337
01/2021,36,24,7,66.7,66.66666666666666,33.3,33.333333,15 Labels et 9 Prelabels à Labels,1,2021,66.7,31,66.66666666666666,86.11111111111111,0.03333333333334565
01/2022,38,15,9,39.5,39.473684210526315,60.5,60.526316,9 Labels et 6 Prelabels à Labels,1,2022,39.5,24,39.473684210526315,63.1578947368421,0.02631578947368496
01/2023,26,16,6,61.5,61.53846153846154,38.5,38.461538,6 Labels et 10  Prélabels à Labels,1,2023,61.5,22,61.53846153846154,84.61538461538461,-0.0384615384615401
01/2024,33,14,6,42.4,42.42424242424242,57.6,57.575758,8 Labels et 6 Prélabel à Label,1,2024,42.4,20,42.42424242424242,60.60606060606061,-0.02424242424242351
01/2025,39,13,2,33.3,33.33333333333333,66.7,66.666667,13 Labels et 05 Prélabels à Labels,1,2025,33.3,15,33.33333333333333,38.46153846153847,-0.03333333333333144
01/2026,31,10,7,32.3,32.25806451612903,67.7,67.741935,03 Labels et 06 Prélabels à Labels,1,2026,32.3,17,32.25806451612903,54.83870967741935,0.04193548387096513
02/2020,32,22,11,68.8,68.75,31.2,31.25,13 Labels et 9 Prelabels à Labels,2,2020,68.8,33,68.75,103.125,0.04999999999999716
02/2021,41,25,10,61.0,60.97560975609756,39.0,39.02439,18 Labels et 7 Prelabels à Labels,2,2021,61.0,35,60.97560975609756,85.36585365853658,0.024390243902438158
02/2022,18,12,3,66.7,66.66666666666666,33.3,33.333333,8 Labels et 4 Prélabels à Labels,2,2022,66.7,15,66.66666666666666,83.33333333333334,0.03333333333334565
02/2023,33,18,11,54.5,54.54545454545454,45.5,45.454545,7 Labels et 11 Prélabels à Labels,2,2023,54.5,29,54.54545454545454,87.87878787878788,-0.04545454545453964
02/2024,33,9,6,27.3,27.27272727272727,72.7,72.727273,4 Labels et 5 Prélabel à Label,2,2024,27.3,15,27.27272727272727,45.45454545454545,0.02727272727273089
02/2025,41,13,9,31.7,31.70731707317073,68.3,68.292683,13 Labels et 04 Prélabels à Labels,2,2025,31.7,22,31.70731707317073,53.65853658536586,-0.007317073170732158
02/2026,36,20,3,55.6,55.55555555555556,44.4,44.444444,10 Labels et 11 Prélabels à Labels,2,2026,55.6,23,55.55555555555556,63.888888888888886,0.04444444444444429
03/2019,16,12,0,75.0,75.0,25.0,25.0,2 ajourné à la session suivante,3,2019,75.0,12,75.0,75.0,0.0
03/2020,35,16,10,45.7,45.714285714285715,54.3,54.285714,12 Labels et 4 Prelabels à Labels,3,2020,45.7,26,45.714285714285715,74.28571428571429,-0.014285714285712459
03/2021,41,25,8,61.0,60.97560975609756,39.0,39.02439,12 Labels et 13 Prelabels à Labels,3,2021,61.0,33,60.97560975609756,80.48780487804879,0.024390243902438158
03/2022,21,14,5,66.7,66.66666666666666,33.3,33.333333,5 Labels et 9 Prélabels à Labels,3,2022,66.7,19,66.66666666666666,90.47619047619048,0.03333333333334565
03/2023,37,14,6,37.8,37.83783783783784,62.2,62.162162,8 Labels et 5 Prélabels à Labels,3,2023,37.8,20,37.83783783783784,54.054054054054056,-0.03783783783784145
03/2024,31,6,7,19.4,19.35483870967742,80.6,80.645161,3 Labels et 4 Prélabel à Label,3,2024,19.4,13,19.35483870967742,41.935483870967744,0.04516129032257865
03/2025,21,6,5,28.6,28.57142857142857,71.4,71.428571,06 Labels et 0 Prélabels à Labels,3,2025,28.6,11,28.57142857142857,52.38095238095239,0.028571428571432023
03/2026,41,13,7,31.7,31.70731707317073,68.3,68.292683,10 Labels et 03 Prélabels à Labels,3,2026,31.7,20,31.70731707317073,48.78048780487805,-0.007317073170732158
04/2019,51,33,0,64.7,64.70588235294117,35.3,35.294118,1 ajourné à la session suivante,4,2019,64.7,33,64.70588235294117,64.70588235294117,-0.005882352941171121
04/2020,40,20,7,50.0,50.0,50.0,50.0,17 Labels et 3 Prelabels à Labels,4,2020,50.0,27,50.0,67.5,0.0
04/2021,80,22,24,27.5,27.500000000000004,72.5,72.5,18 Labels et 4 Prelabels à Labels,4,2021,27.5,46,27.500000000000004,57.49999999999999,-3.552713678800501e-15
04/2022,22,9,6,40.9,40.909090909090914,59.1,59.090909,5 Labels et 4 Prélabels à Labels,4,2022,40.9,15,40.909090909090914,68.18181818181817,-0.009090909090915034
04/2023,40,13,5,32.5,32.5,67.5,67.5,10 Labels et 4  Prélabels à Labels,4,2023,32.5,18,32.5,45.0,0.0
04/2024,39,14,5,35.9,35.8974358974359,64.1,64.102564,9 Labels et 5 Prélabel à Label,4,2024,35.9,19,35.8974358974359,48.717948717948715,0.0025641025641007786
04/2025,21,13,5,61.9,61.904761904761905,38.1,38.095238,05 Labels et 08 Prélabels à Labels,4,2025,61.9,18,61.904761904761905,85.71428571428571,-0.004761904761906521
05/2019,30,15,8,50.0,50.0,50.0,50.0,29 candidats pour mai + 1 candidat de la session d'avril,5,2019,50.0,23,50.0,76.66666666666667,0.0
05/2020,26,12,10,46.2,46.15384615384615,53.8,53.846154,7 Labels et 5 Prelabels à Labels,5,2020,46.2,22,46.15384615384615,84.61538461538461,0.04615384615384954
05/2021,40,19,8,47.5,47.5,52.5,52.5,13 Labels et 6 Prelabels à Labels,5,2021,47.5,27,47.5,67.5,0.0
05/2022,41,14,9,34.1,34.146341463414636,65.9,65.853659,8 Labels et 6 Prélabels à Labels,5,2022,34.1,23,34.146341463414636,56.09756097560976,-0.04634146341463463
05/2023,39,19,9,48.7,48.717948717948715,51.3,51.282051,13 Labels et 6  Prélabels à Labels,5,2023,48.7,28,48.717948717948715,71.7948717948718,-0.017948717948712556
05/2024,39,14,5,35.9,35.8974358974359,64.1,64.102564,14 Labels et 5 Prélabel à Label,5,2024,35.9,19,35.8974358974359,48.717948717948715,0.0025641025641007786
05/2025,47,13,13,27.7,27.659574468085108,72.3,72.340426,10 Labels et 03 Prélabels à Labels,5,2025,27.7,26,27.659574468085108,55.319148936170215,0.04042553191489162
06/2019,33,14,8,42.4,42.42424242424242,57.6,57.575758,1 ajourné à la session suivante,6,2019,42.4,22,42.42424242424242,66.66666666666666,-0.02424242424242351
06/2020,26,12,5,46.2,46.15384615384615,53.8,53.846154,8 Labels et 4 Prelabels à Labels,6,2020,46.2,17,46.15384615384615,65.38461538461539,0.04615384615384954
06/2021,41,18,6,43.9,43.90243902439025,56.1,56.097561,11 Labels et 7 Prelabels à Labels,6,2021,43.9,24,43.90243902439025,58.536585365853654,-0.0024390243902487896
06/2022,40,14,10,35.0,35.0,65.0,65.0,10 Labels et 4 Prélabels à Labels,6,2022,35.0,24,35.0,60.0,0.0
06/2023,28,10,8,35.7,35.714285714285715,64.3,64.285714,4 Labels et 6 Prélabels à Labels,6,2023,35.7,18,35.714285714285715,64.28571428571429,-0.014285714285712459
06/2024,37,14,5,37.8,37.83783783783784,62.2,62.162162,11 Labels et 3 Prélabel à Label,6,2024,37.8,19,37.83783783783784,51.35135135135135,-0.03783783783784145
06/2025,36,12,8,33.3,33.33333333333333,66.7,66.666667,07 Labels et 05 Prélabels à Labels,6,2025,33.3,20,33.33333333333333,55.55555555555556,-0.03333333333333144
07/2019,28,14,8,50.0,50.0,50.0,50.0,14 Labels et 1 Prelabel (de la session de mai),7,2019,50.0,22,50.0,78.57142857142857,0.0
07/2020,40,18,7,45.0,45.0,55.0,55.0,9 Labels et 9 Prelabels à Labels,7,2020,45.0,25,45.0,62.5,0.0
07/2021,40,22,5,55.0,55.00000000000001,45.0,45.0,11 Labels et 11 Prelabels à Labels,7,2021,55.0,27,55.00000000000001,67.5,-7.105427357601002e-15
07/2022,40,18,9,45.0,45.0,55.0,55.0,14 Labels et 4 Prélabels à Labels,7,2022,45.0,27,45.0,67.5,0.0
07/2023,33,15,8,45.5,45.45454545454545,54.5,54.545455,6 Labels et 9 Prélabels à Labels,7,2023,45.5,23,45.45454545454545,69.6969696969697,0.045454545454546746
07/2024,33,6,7,18.2,18.181818181818183,81.8,81.818182,05 Labels et 2 Prélabel à Label,7,2024,18.2,13,18.181818181818183,39.39393939393939,0.018181818181815856
07/2025,29,9,8,31.0,31.03448275862069,69.0,68.965517,04 Labels et 05 Prélabels à Labels,7,2025,31.0,17,31.03448275862069,58.620689655172406,-0.03448275862069039
08/2019,28,20,5,71.4,71.42857142857143,28.6,28.571429,18 Labels et 6 Prelabels à Labels,8,2019,71.4,25,71.42857142857143,89.28571428571429,-0.028571428571424917
08/2020,28,17,6,60.7,60.71428571428571,39.3,39.285714,7 Labels et 10 Prelabels à Labels,8,2020,60.7,23,60.71428571428571,82.14285714285714,-0.014285714285705353
08/2021,25,13,4,52.0,52.0,48.0,48.0,6 Labels et 7 Prelabels à Labels,8,2021,52.0,17,52.0,68.0,0.0
08/2022,36,12,12,33.3,33.33333333333333,66.7,66.666667,6 Labels et 6 Prélabels à Labels,8,2022,33.3,24,33.33333333333333,66.66666666666666,-0.03333333333333144
08/2023,26,11,5,42.3,42.30769230769231,57.7,57.692308,4 Labels et 7 Prélabels à Labels,8,2023,42.3,16,42.30769230769231,61.53846153846154,-0.007692307692309441
08/2024,37,11,6,29.7,29.72972972972973,70.3,70.27027,05 Labels et 06 Prélabel à Label,8,2024,29.7,17,29.72972972972973,45.94594594594595,-0.029729729729730536
08/2025,41,15,9,36.6,36.58536585365854,63.4,63.414634,06 Labels et 09 Prélabels à Labels,8,2025,36.6,24,36.58536585365854,58.536585365853654,0.014634146341464316
09/2019,24,15,6,62.5,62.5,37.5,37.5,12 Labels et 3 Prelabels à Labels,9,2019,62.5,21,62.5,87.5,0.0
09/2020,24,11,9,45.8,45.83333333333333,54.2,54.166667,3 Labels et 8 Prelabels à Labels,9,2020,45.8,20,45.83333333333333,83.33333333333334,-0.03333333333333144
09/2021,15,15,6,100.0,100.0,0.0,0.0,2 Labels et 13 Prelabels à Labels,9,2021,100.0,21,100.0,140.0,0.0
09/2022,40,19,5,47.5,47.5,52.5,52.5,10 Labels et 9 Prélabels à Labels,9,2022,47.5,24,47.5,60.0,0.0
09/2023,33,15,6,45.5,45.45454545454545,54.5,54.545455,7 Labels et 8 Prélabels à Labels,9,2023,45.5,21,45.45454545454545,63.63636363636363,0.045454545454546746
09/2024,34,11,9,32.4,32.35294117647059,67.6,67.647059,06 Labels et 05 Prélabel à Label,9,2024,32.4,20,32.35294117647059,58.82352941176471,0.0470588235294116
09/2025,25,7,10,28.0,28.000000000000004,72.0,72.0,01 Labels et 06 Prélabels à Labels,9,2025,28.0,17,28.000000000000004,68.0,-3.552713678800501e-15
10/2019,34,23,5,67.6,67.64705882352942,32.4,32.352941,18 Labels et 5 Prelabels à Labels,10,2019,67.6,28,67.64705882352942,82.35294117647058,-0.04705882352942581
10/2020,41,16,10,39.0,39.02439024390244,61.0,60.97561,9 Labels et 7 Prelabels à Labels,10,2020,39.0,26,39.02439024390244,63.41463414634146,-0.024390243902438158
10/2021,41,23,7,56.1,56.09756097560976,43.9,43.902439,2 Labels et 13 Prelabels à Labels,10,2021,56.1,30,56.09756097560976,73.17073170731707,0.002439024390241684
10/2022,38,14,7,36.8,36.84210526315789,63.2,63.157895,8 Labels et 6 Prélabels à Labels,10,2022,36.8,21,36.84210526315789,55.26315789473685,-0.04210526315789309
10/2023,31,6,4,19.4,19.35483870967742,80.6,80.645161,5 Labels et 1 Prélabel à Label,10,2023,19.4,10,19.35483870967742,32.25806451612903,0.04516129032257865
10/2024,43,15,7,34.9,34.883720930232556,65.1,65.116279,09 Labels et 06 Prélabel à Label,10,2024,34.9,22,34.883720930232556,51.162790697674424,0.016279069767442422
10/2025,41,17,12,41.5,41.46341463414634,58.5,58.536585,10 Labels et 07 Prélabels à Labels,10,2025,41.5,29,41.46341463414634,70.73170731707317,0.03658536585366079
11/2019,35,17,10,48.6,48.57142857142857,51.4,51.428571,11 Labels et 6 Prelabels à Labels,11,2019,48.6,27,48.57142857142857,77.14285714285715,0.028571428571432023
11/2020,41,26,14,63.4,63.41463414634146,36.6,36.585366,13 Labels et 12 Prelabels à Labels,11,2020,63.4,40,63.41463414634146,97.5609756097561,-0.014634146341464316
11/2021,40,19,10,47.5,47.5,52.5,52.5,12 Labels et 7 Prelabels à Labels,11,2021,47.5,29,47.5,72.5,0.0
11/2022,34,17,10,50.0,50.0,50.0,50.0,9 Labels et 8 Prélabels à Labels,11,2022,50.0,27,50.0,79.41176470588235,0.0
11/2023,30,12,7,40.0,40.0,60.0,60.0,6 Labels et 8 Prélabel à Label,11,2023,40.0,19,40.0,63.33333333333333,0.0
11/2024,41,14,7,34.1,34.146341463414636,65.9,65.853659,12 Labels et 02 Prélabel à Label,11,2024,34.1,21,34.146341463414636,51.21951219512195,-0.04634146341463463
11/2025,39,15,3,38.5,38.46153846153847,61.5,61.538462,07 Labels et 08 Prélabels à Labels,11,2025,38.5,18,38.46153846153847,46.15384615384615,0.038461538461532996
12/2019,32,23,8,71.9,71.875,28.1,28.125,13 Labels et 10 Prelabels à Labels,12,2019,71.9,31,71.875,96.875,0.025000000000005684
12/2020,36,21,8,58.3,58.333333333333336,41.7,41.666667,12 Labels et 9 Prelabels à Labels,12,2020,58.3,29,58.333333333333336,80.55555555555556,-0.033333333333338544
12/2021,38,20,11,52.6,52.63157894736842,47.4,47.368421,14 Labels et 6 Prelabels à Labels,12,2021,52.6,31,52.63157894736842,81.57894736842105,-0.031578947368416266
12/2022,30,16,5,53.3,53.333333333333336,46.7,46.666667,07 Labels et 10 Prélabel à Label,12,2022,53.3,21,53.333333333333336,70.0,-0.033333333333338544
12/2023,39,12,5,30.8,30.76923076923077,69.2,69.230769,7 Labels et 5 Prélabel à Label,12,2023,30.8,17,30.76923076923077,43.58974358974359,0.03076923076923066
12/2024,40,16,4,40.0,40.0,60.0,60.0,10 Labels et 06 Prélabels à Labels,12,2024,40.0,20,40.0,50.0,0.0
12/2025,41,16,6,39.0,39.02439024390244,61.0,60.97561,05 Labels et 10 Prélabels à Labels,12,2025,39.0,22,39.02439024390244,53.65853658536586,-0.024390243902438158
